{"accuracy": [0.592616856098175, 0.8523508310317993, 0.911373496055603, 0.938245952129364, 0.9532968401908875, 0.9634966850280762, 0.9709367752075195, 0.9750622510910034, 0.9795006513595581, 0.9807810187339783], "loss": [1.389164924621582, 0.4671291410923004, 0.2755427658557892, 0.1902630627155304, 0.14496248960494995, 0.11176545917987823, 0.08816049993038177, 0.07528696209192276, 0.06300883740186691, 0.05846269801259041], "val_accuracy": [0.8633331060409546, 0.9030371904373169, 0.9568959474563599, 0.9657158851623535, 0.9783056974411011, 0.965843915939331, 0.9808236956596375, 0.9850202798843384, 0.9915640950202942, 0.9893022179603577], "val_loss": [0.42841753363609314, 0.295561283826828, 0.1317276656627655, 0.10473045706748962, 0.0670022964477539, 0.10392002761363983, 0.059089407324790955, 0.0462908111512661, 0.025895804166793823, 0.03354623541235924]}